Time;durP1;ratioP1;P1;durP2;ratioP2;P2;SDS_P1;SDS_P2;PMS_P1;PMS_P2;Temp;Humidity;BMP_temperature;BMP_pressure;BME280_temperature;BME280_humidity;BME280_pressure;Samples;Min_cycle;Max_cycle;Signal;HPM_P1;HPM_P2
2019/05/04 00:03:50;;;;;;;16.00;3.50;;;;;;;;;;1799846;78;25277;-72
2019/05/04 00:06:19;;;;;;;28.03;5.67;;;;;;;;;;1804063;79;25223;-72
2019/05/04 00:08:47;;;;;;;28.67;4.93;;;;;;;;;;1802227;79;25215;-71
2019/05/04 00:11:16;;;;;;;20.00;4.43;;;;;;;;;;1802564;78;25249;-71
2019/05/04 00:13:44;;;;;;;31.17;4.53;;;;;;;;;;1804979;79;25290;-71
2019/05/04 00:16:12;;;;;;;22.07;4.30;;;;;;;;;;1800066;79;25299;-71
2019/05/04 00:18:40;;;;;;;15.83;4.07;;;;;;;;;;1798922;80;25351;-71
2019/05/04 00:21:09;;;;;;;33.03;5.57;;;;;;;;;;1809176;78;25555;-71
2019/05/04 00:23:37;;;;;;;25.47;5.03;;;;;;;;;;1802298;79;25277;-71
2019/05/04 00:26:06;;;;;;;19.07;4.03;;;;;;;;;;1778815;80;25296;-70
2019/05/04 00:28:34;;;;;;;18.40;2.87;;;;;;;;;;1784650;79;25236;-71
2019/05/04 00:31:03;;;;;;;33.60;4.13;;;;;;;;;;1783709;78;25242;-71
2019/05/04 00:33:42;;;;;;;28.67;5.23;;;;;;;;;;1841126;78;25232;-71
2019/05/04 00:36:11;;;;;;;18.03;4.40;;;;;;;;;;1795594;79;25370;-72
2019/05/04 00:38:37;;;;;;;27.63;4.10;;;;;;;;;;1815935;78;25269;-71
2019/05/04 00:41:05;;;;;;;25.47;4.43;;;;;;;;;;1790294;78;25800;-71
2019/05/04 00:43:34;;;;;;;19.80;3.30;;;;;;;;;;1840228;77;25370;-72
2019/05/04 00:46:03;;;;;;;29.67;4.57;;;;;;;;;;1823194;77;25237;-71
2019/05/04 00:48:31;;;;;;;18.57;3.30;;;;;;;;;;1838144;76;24679;-71
2019/05/04 00:51:00;;;;;;;22.53;3.43;;;;;;;;;;1814961;77;25299;-71
2019/05/04 00:53:29;;;;;;;22.97;4.07;;;;;;;;;;1828485;77;27069;-71
2019/05/04 00:56:05;;;;;;;18.43;3.67;;;;;;;;;;1796219;79;25290;-72
2019/05/04 00:58:27;;;;;;;14.57;3.90;;;;;;;;;;1823180;77;25387;-71
2019/05/04 01:01:45;;;;;;;20.17;3.63;;;;;;;;;;1826507;78;25842;-71
2019/05/04 01:03:25;;;;;;;21.20;3.57;;;;;;;;;;1823478;77;25355;-71
2019/05/04 01:05:53;;;;;;;13.90;3.90;;;;;;;;;;1800686;77;25812;-72
2019/05/04 01:08:23;;;;;;;28.00;4.67;;;;;;;;;;1792549;78;25310;-71
2019/05/04 01:10:51;;;;;;;23.53;4.67;;;;;;;;;;1834073;77;25374;-72
2019/05/04 01:13:19;;;;;;;22.20;4.20;;;;;;;;;;1833678;77;25065;-71
2019/05/04 01:15:48;;;;;;;27.90;4.70;;;;;;;;;;1833381;77;25223;-72
2019/05/04 01:18:16;;;;;;;23.43;4.80;;;;;;;;;;1846650;77;25352;-72
2019/05/04 01:20:44;;;;;;;26.40;4.13;;;;;;;;;;1852097;77;25229;-72
2019/05/04 01:23:12;;;;;;;16.00;3.67;;;;;;;;;;1792768;78;25271;-72
2019/05/04 01:25:40;;;;;;;25.93;3.80;;;;;;;;;;1792493;78;25272;-72
2019/05/04 01:28:09;;;;;;;20.67;4.50;;;;;;;;;;1827616;78;25258;-71
2019/05/04 01:30:37;;;;;;;24.63;4.30;;;;;;;;;;1833849;77;25232;-72
2019/05/04 01:33:05;;;;;;;22.07;3.97;;;;;;;;;;1826244;78;25247;-72
2019/05/04 01:35:34;;;;;;;28.93;4.53;;;;;;;;;;1826574;77;25311;-72
2019/05/04 01:40:40;;;;;;;29.50;5.60;;;;;;;;;;1824884;77;25387;-72
2019/05/04 01:43:05;;;;;;;24.77;3.63;;;;;;;;;;1815981;77;25244;-72
2019/05/04 01:45:35;;;;;;;20.73;3.93;;;;;;;;;;1790987;79;25185;-73
2019/05/04 01:48:05;;;;;;;23.20;4.17;;;;;;;;;;1816460;77;25217;-72
2019/05/04 01:50:33;;;;;;;29.37;4.37;;;;;;;;;;1791028;79;25229;-72
2019/05/04 01:53:11;;;;;;;33.07;4.27;;;;;;;;;;1816065;78;25205;-72
2019/05/04 01:55:31;;;;;;;20.03;3.77;;;;;;;;;;1817620;78;25238;-71
2019/05/04 02:00:47;;;;;;;26.23;3.53;;;;;;;;;;1816059;78;25285;-72
2019/05/04 02:03:14;;;;;;;21.63;4.17;;;;;;;;;;1825973;77;25269;-73
2019/05/04 02:05:44;;;;;;;33.23;4.17;;;;;;;;;;1814608;78;25269;-72
2019/05/04 02:08:13;;;;;;;36.67;4.80;;;;;;;;;;1791766;79;25190;-71
2019/05/04 02:10:43;;;;;;;40.23;4.90;;;;;;;;;;1814431;78;25214;-71
2019/05/04 02:13:13;;;;;;;23.80;4.23;;;;;;;;;;1790312;79;25256;-71
2019/05/04 02:15:41;;;;;;;37.10;4.53;;;;;;;;;;1792965;78;25302;-72
2019/05/04 02:18:08;;;;;;;38.77;4.40;;;;;;;;;;1795236;78;25385;-72
2019/05/04 02:20:36;;;;;;;27.17;5.13;;;;;;;;;;1827074;77;25300;-71
2019/05/04 02:23:05;;;;;;;34.37;4.77;;;;;;;;;;1816133;78;25210;-71
2019/05/04 02:30:46;;;;;;;33.27;6.20;;;;;;;;;;1844505;77;25263;-72
2019/05/04 02:33:10;;;;;;;29.37;4.83;;;;;;;;;;1820236;78;25265;-71
2019/05/04 02:35:38;;;;;;;22.40;3.93;;;;;;;;;;1816098;78;24770;-71
2019/05/04 02:38:06;;;;;;;19.47;3.60;;;;;;;;;;1796575;78;25258;-71
2019/05/04 02:40:35;;;;;;;22.17;4.27;;;;;;;;;;1790210;79;25352;-72
2019/05/04 02:43:04;;;;;;;16.13;4.20;;;;;;;;;;1815957;79;25334;-71
2019/05/04 02:45:32;;;;;;;41.67;5.90;;;;;;;;;;1816667;78;25199;-72
2019/05/04 02:48:05;;;;;;;22.03;4.67;;;;;;;;;;1816602;78;25307;-72
2019/05/04 02:50:42;;;;;;;38.30;5.17;;;;;;;;;;1820770;77;25250;-72
2019/05/04 02:53:00;;;;;;;31.53;4.73;;;;;;;;;;1824215;77;26615;-71
2019/05/04 02:55:29;;;;;;;18.97;4.63;;;;;;;;;;1838097;77;25303;-72
2019/05/04 02:57:59;;;;;;;52.53;5.90;;;;;;;;;;1791199;77;25238;-71
2019/05/04 03:00:27;;;;;;;21.23;4.93;;;;;;;;;;1816362;79;25237;-72
2019/05/04 03:02:55;;;;;;;22.17;4.20;;;;;;;;;;1827999;78;25288;-72
2019/05/04 03:05:24;;;;;;;35.30;4.50;;;;;;;;;;1818932;78;25361;-71
2019/05/04 03:07:53;;;;;;;25.80;4.90;;;;;;;;;;1797306;77;25194;-71
2019/05/04 03:10:21;;;;;;;31.70;5.10;;;;;;;;;;1815061;78;25271;-73
2019/05/04 03:12:49;;;;;;;40.80;5.83;;;;;;;;;;1793046;78;25286;-70
2019/05/04 03:15:18;;;;;;;23.63;4.87;;;;;;;;;;1817672;77;25231;-69
2019/05/04 03:17:57;;;;;;;32.83;4.90;;;;;;;;;;1845766;77;24834;-73
2019/05/04 03:23:09;;;;;;;40.73;5.43;;;;;;;;;;1768348;80;25281;-71
2019/05/04 03:25:36;;;;;;;19.17;3.70;;;;;;;;;;1805180;77;25347;-70
2019/05/04 03:28:04;;;;;;;34.60;6.07;;;;;;;;;;1814040;77;25264;-71
2019/05/04 03:30:34;;;;;;;19.73;4.60;;;;;;;;;;1805975;78;25230;-70
2019/05/04 03:33:01;;;;;;;20.07;4.57;;;;;;;;;;1816520;77;25766;-70
2019/05/04 03:35:29;;;;;;;18.77;4.57;;;;;;;;;;1790798;77;25236;-70
2019/05/04 03:37:58;;;;;;;35.67;5.23;;;;;;;;;;1795830;79;25264;-70
2019/05/04 03:40:26;;;;;;;29.53;5.10;;;;;;;;;;1815558;79;25848;-70
2019/05/04 03:42:55;;;;;;;25.90;5.27;;;;;;;;;;1791103;79;25236;-71
2019/05/04 03:48:09;;;;;;;34.07;5.37;;;;;;;;;;1826290;77;25390;-70
2019/05/04 03:50:41;;;;;;;19.33;4.40;;;;;;;;;;1825470;77;24751;-71
2019/05/04 03:53:06;;;;;;;31.73;4.60;;;;;;;;;;1845958;76;25720;-71
2019/05/04 03:55:34;;;;;;;16.30;4.10;;;;;;;;;;1828235;77;25715;-70
2019/05/04 03:58:02;;;;;;;30.13;4.67;;;;;;;;;;1841189;77;25260;-71
2019/05/04 04:00:31;;;;;;;17.70;4.10;;;;;;;;;;1815085;77;25253;-71
2019/05/04 04:02:59;;;;;;;28.77;5.20;;;;;;;;;;1834228;77;25787;-71
2019/05/04 04:05:29;;;;;;;18.63;4.17;;;;;;;;;;1810797;77;25201;-71
2019/05/04 04:07:59;;;;;;;34.40;4.40;;;;;;;;;;1828921;77;25712;-70
2019/05/04 04:10:27;;;;;;;23.53;4.57;;;;;;;;;;1790477;79;25328;-71
2019/05/04 04:12:55;;;;;;;27.10;4.23;;;;;;;;;;1817883;77;25605;-71
2019/05/04 04:15:23;;;;;;;30.33;5.10;;;;;;;;;;1791078;79;25224;-71
2019/05/04 04:18:51;;;;;;;24.90;5.17;;;;;;;;;;1820365;77;25265;-71
2019/05/04 04:20:31;;;;;;;28.60;4.57;;;;;;;;;;1794335;77;24229;-71
2019/05/04 04:23:00;;;;;;;16.53;4.37;;;;;;;;;;1815395;79;25372;-71
2019/05/04 04:25:35;;;;;;;27.53;4.93;;;;;;;;;;1822105;77;25374;-70
2019/05/04 04:28:03;;;;;;;28.23;5.13;;;;;;;;;;1833105;77;25793;-71
2019/05/04 04:30:30;;;;;;;26.43;5.17;;;;;;;;;;1815432;78;24252;-71
2019/05/04 04:32:59;;;;;;;23.90;4.97;;;;;;;;;;1816115;79;25181;-71
2019/05/04 04:35:27;;;;;;;23.00;5.60;;;;;;;;;;1792109;77;25303;-71
2019/05/04 04:37:55;;;;;;;31.57;5.03;;;;;;;;;;1811849;78;25259;-71
2019/05/04 04:40:23;;;;;;;36.07;4.90;;;;;;;;;;1844044;76;25238;-69
2019/05/04 04:42:51;;;;;;;43.80;5.07;;;;;;;;;;1818698;77;24823;-71
2019/05/04 04:45:20;;;;;;;30.20;4.30;;;;;;;;;;1835102;78;25257;-70
2019/05/04 04:47:48;;;;;;;31.27;4.73;;;;;;;;;;1813594;77;25314;-71
2019/05/04 04:50:34;;;;;;;21.20;4.33;;;;;;;;;;1761360;80;25312;-70
2019/05/04 04:53:02;;;;;;;17.17;4.23;;;;;;;;;;1817821;79;25308;-70
2019/05/04 04:55:31;;;;;;;30.10;4.47;;;;;;;;;;1818877;79;25232;-71
2019/05/04 04:58:04;;;;;;;31.40;5.57;;;;;;;;;;1820083;77;25233;-70
2019/05/04 05:01:13;;;;;;;32.93;4.90;;;;;;;;;;1821664;77;27358;-69
2019/05/04 05:03:01;;;;;;;21.93;4.43;;;;;;;;;;1804261;79;24320;-70
2019/05/04 05:05:43;;;;;;;21.67;4.27;;;;;;;;;;1816323;78;24217;-70
2019/05/04 05:08:11;;;;;;;23.73;4.97;;;;;;;;;;1790069;78;25599;-71
2019/05/04 05:10:43;;;;;;;25.57;4.73;;;;;;;;;;1798837;78;24635;-72
2019/05/04 05:13:12;;;;;;;22.27;4.57;;;;;;;;;;1791273;79;24314;-74
2019/05/04 05:15:41;;;;;;;34.83;4.57;;;;;;;;;;1786344;79;26892;-71
2019/05/04 05:18:09;;;;;;;25.17;5.80;;;;;;;;;;1809614;77;25635;-71
2019/05/04 05:23:15;;;;;;;21.90;4.40;;;;;;;;;;1815714;79;24217;-72
2019/05/04 05:25:43;;;;;;;13.37;5.27;;;;;;;;;;1793590;79;25233;-71
2019/05/04 05:28:11;;;;;;;25.63;4.17;;;;;;;;;;1806283;79;25262;-71
2019/05/04 05:30:56;;;;;;;16.63;4.50;;;;;;;;;;1831862;78;25216;-71
2019/05/04 05:33:13;;;;;;;17.10;3.73;;;;;;;;;;1814377;78;24194;-71
2019/05/04 05:35:43;;;;;;;10.67;3.80;;;;;;;;;;1811598;78;25290;-71
2019/05/04 05:38:09;;;;;;;19.00;4.60;;;;;;;;;;1811348;79;25363;-71
2019/05/04 05:40:38;;;;;;;23.13;3.43;;;;;;;;;;1813936;79;24702;-70
2019/05/04 05:43:07;;;;;;;19.63;4.20;;;;;;;;;;1830210;77;25354;-71
2019/05/04 05:48:39;;;;;;;19.50;4.33;;;;;;;;;;1841026;77;25347;-71
2019/05/04 05:59:03;;;;;;;17.07;4.40;;;;;;;;;;1795270;78;25341;-73
2019/05/04 06:01:48;;;;;;;19.97;4.83;;;;;;;;;;1814048;78;25377;-72
2019/05/04 06:04:23;;;;;;;15.87;4.13;;;;;;;;;;1814379;78;25326;-72
2019/05/04 06:06:48;;;;;;;22.77;4.80;;;;;;;;;;1814907;78;24292;-72
2019/05/04 06:09:14;;;;;;;22.63;5.27;;;;;;;;;;1821107;76;24275;-73
2019/05/04 06:11:44;;;;;;;26.80;4.03;;;;;;;;;;1791216;78;25206;-73
2019/05/04 06:14:19;;;;;;;24.13;4.57;;;;;;;;;;1795298;78;25360;-72
2019/05/04 06:16:46;;;;;;;19.20;4.37;;;;;;;;;;1814899;78;24633;-73
2019/05/04 06:19:15;;;;;;;15.27;3.90;;;;;;;;;;1820567;78;24328;-73
2019/05/04 06:22:09;;;;;;;31.73;4.80;;;;;;;;;;1841880;77;25385;-73
2019/05/04 06:24:18;;;;;;;18.00;4.40;;;;;;;;;;1807043;78;25368;-72
2019/05/04 06:32:04;;;;;;;22.70;4.33;;;;;;;;;;1847279;77;24287;-73
2019/05/04 06:34:36;;;;;;;20.13;4.70;;;;;;;;;;1846475;77;25350;-71
2019/05/04 06:37:15;;;;;;;25.00;4.17;;;;;;;;;;1816734;77;25313;-70
2019/05/04 06:39:41;;;;;;;27.97;4.63;;;;;;;;;;1824634;78;24330;-69
2019/05/04 06:42:07;;;;;;;23.63;5.03;;;;;;;;;;1817471;77;24337;-70
2019/05/04 06:47:08;;;;;;;26.17;4.00;;;;;;;;;;1789808;78;25339;-70
2019/05/04 06:49:36;;;;;;;23.63;4.73;;;;;;;;;;1816288;78;25382;-70
2019/05/04 06:55:06;;;;;;;20.03;4.07;;;;;;;;;;1778422;80;25236;-70
2019/05/04 06:57:58;;;;;;;25.60;3.90;;;;;;;;;;1818008;78;24263;-70
2019/05/04 07:00:06;;;;;;;29.30;4.13;;;;;;;;;;1809110;78;24255;-69
2019/05/04 07:02:33;;;;;;;34.20;6.03;;;;;;;;;;1818040;77;24894;-70
2019/05/04 07:05:01;;;;;;;26.17;5.63;;;;;;;;;;1784305;79;25253;-70
2019/05/04 07:07:31;;;;;;;29.10;6.20;;;;;;;;;;1814891;78;25260;-70
2019/05/04 07:10:00;;;;;;;31.37;6.37;;;;;;;;;;1820220;78;24182;-70
2019/05/04 07:12:28;;;;;;;38.70;5.30;;;;;;;;;;1836721;78;25222;-70
2019/05/04 07:14:57;;;;;;;16.77;3.63;;;;;;;;;;1784621;79;25269;-70
2019/05/04 07:17:27;;;;;;;22.53;4.13;;;;;;;;;;1816609;78;25316;-70
2019/05/04 07:19:57;;;;;;;23.50;4.70;;;;;;;;;;1813342;78;25281;-70
2019/05/04 07:22:26;;;;;;;20.97;3.90;;;;;;;;;;1818999;78;26837;-70
2019/05/04 07:24:54;;;;;;;28.87;5.53;;;;;;;;;;1842277;78;26877;-69
2019/05/04 07:27:24;;;;;;;34.93;5.20;;;;;;;;;;1807962;79;25209;-70
2019/05/04 07:29:53;;;;;;;20.83;3.57;;;;;;;;;;1809934;78;25327;-70
2019/05/04 07:32:22;;;;;;;19.80;4.23;;;;;;;;;;1787191;78;25677;-70
2019/05/04 07:34:51;;;;;;;27.00;4.63;;;;;;;;;;1813763;78;24696;-70
2019/05/04 07:40:05;;;;;;;27.83;4.77;;;;;;;;;;1813856;77;24253;-70
2019/05/04 07:42:38;;;;;;;21.30;4.77;;;;;;;;;;1818700;77;25227;-69
2019/05/04 07:45:07;;;;;;;17.47;4.60;;;;;;;;;;1807112;79;25232;-71
2019/05/04 07:47:35;;;;;;;18.33;4.33;;;;;;;;;;1796299;78;25294;-70
2019/05/04 07:50:04;;;;;;;24.50;6.20;;;;;;;;;;1798649;78;24196;-71
2019/05/04 07:52:33;;;;;;;25.70;6.17;;;;;;;;;;1815942;77;24249;-71
2019/05/04 07:55:02;;;;;;;17.13;4.97;;;;;;;;;;1812952;78;25253;-70
2019/05/04 07:57:33;;;;;;;21.03;4.73;;;;;;;;;;1809875;78;25316;-70
2019/05/04 08:00:03;;;;;;;30.47;4.83;;;;;;;;;;1796359;79;25283;-71
2019/05/04 08:02:32;;;;;;;26.67;5.30;;;;;;;;;;1815701;78;25221;-70
2019/05/04 08:05:02;;;;;;;31.80;4.67;;;;;;;;;;1809438;78;25273;-70
2019/05/04 08:07:32;;;;;;;25.23;5.13;;;;;;;;;;1812364;77;26842;-70
2019/05/04 08:10:01;;;;;;;20.03;4.40;;;;;;;;;;1783907;78;24281;-70
2019/05/04 08:12:40;;;;;;;17.10;4.50;;;;;;;;;;1792737;77;25719;-70
2019/05/04 08:15:07;;;;;;;29.07;4.50;;;;;;;;;;1823364;78;25357;-70
2019/05/04 08:17:37;;;;;;;25.30;4.33;;;;;;;;;;1813242;77;25358;-70
2019/05/04 08:20:08;;;;;;;20.13;4.23;;;;;;;;;;1790713;78;25273;-70
2019/05/04 08:22:38;;;;;;;17.97;3.53;;;;;;;;;;1785127;79;25258;-70
2019/05/04 08:25:08;;;;;;;32.70;4.43;;;;;;;;;;1807568;79;25359;-70
2019/05/04 08:27:37;;;;;;;25.90;4.20;;;;;;;;;;1775874;79;25242;-70
2019/05/04 08:30:07;;;;;;;24.47;3.50;;;;;;;;;;1787130;78;25254;-69
2019/05/04 08:32:36;;;;;;;35.63;4.33;;;;;;;;;;1807533;79;25699;-71
2019/05/04 08:35:05;;;;;;;22.73;3.80;;;;;;;;;;1837454;78;25263;-70
2019/05/04 08:37:33;;;;;;;24.17;4.60;;;;;;;;;;1810637;78;24732;-70
2019/05/04 08:40:03;;;;;;;26.77;4.03;;;;;;;;;;1788292;79;25261;-70
2019/05/04 08:42:33;;;;;;;22.77;4.77;;;;;;;;;;1814188;77;25288;-70
2019/05/04 08:45:02;;;;;;;23.23;3.90;;;;;;;;;;1787542;79;24279;-70
2019/05/04 08:47:38;;;;;;;17.00;3.93;;;;;;;;;;1829292;78;24231;-71
2019/05/04 08:50:03;;;;;;;21.47;4.73;;;;;;;;;;1797196;79;25369;-70
2019/05/04 08:52:53;;;;;;;20.80;3.83;;;;;;;;;;1791114;78;24237;-70
2019/05/04 08:55:39;;;;;;;28.50;4.73;;;;;;;;;;1841650;78;25234;-71
2019/05/04 08:58:10;;;;;;;31.87;4.43;;;;;;;;;;1832512;77;25296;-71
2019/05/04 09:00:43;;;;;;;17.77;3.90;;;;;;;;;;1801293;78;24300;-71
2019/05/04 09:03:28;;;;;;;17.90;4.30;;;;;;;;;;1812018;78;25258;-70
2019/05/04 09:05:38;;;;;;;27.33;4.67;;;;;;;;;;1810488;79;25299;-71
2019/05/04 09:08:08;;;;;;;15.37;4.20;;;;;;;;;;1782976;79;25254;-70
2019/05/04 09:10:37;;;;;;;18.00;3.43;;;;;;;;;;1789367;79;24226;-71
2019/05/04 09:13:05;;;;;;;16.80;3.27;;;;;;;;;;1789793;79;25306;-71
2019/05/04 09:15:34;;;;;;;15.20;4.13;;;;;;;;;;1789824;77;25246;-70
2019/05/04 09:18:03;;;;;;;37.70;3.90;;;;;;;;;;1823925;77;24300;-71
2019/05/04 09:20:32;;;;;;;16.43;3.20;;;;;;;;;;1785955;79;25265;-70
2019/05/04 09:23:02;;;;;;;19.83;3.93;;;;;;;;;;1789457;79;25598;-70
2019/05/04 09:25:31;;;;;;;25.43;3.80;;;;;;;;;;1812600;77;25699;-71
2019/05/04 09:28:00;;;;;;;24.33;4.93;;;;;;;;;;1787067;79;24330;-70
2019/05/04 09:30:29;;;;;;;11.93;3.57;;;;;;;;;;1811977;78;25261;-71
2019/05/04 09:32:59;;;;;;;25.00;4.40;;;;;;;;;;1843934;78;24584;-71
2019/05/04 09:35:28;;;;;;;22.43;3.83;;;;;;;;;;1814990;78;24575;-71
2019/05/04 09:37:57;;;;;;;21.97;3.93;;;;;;;;;;1814949;78;25237;-70
2019/05/04 09:40:25;;;;;;;23.77;3.90;;;;;;;;;;1801613;78;25281;-70
2019/05/04 09:42:58;;;;;;;15.27;3.57;;;;;;;;;;1762700;80;25249;-71
2019/05/04 09:45:24;;;;;;;21.53;3.37;;;;;;;;;;1806354;79;24295;-71
2019/05/04 09:47:53;;;;;;;22.03;4.17;;;;;;;;;;1792684;80;25263;-71
2019/05/04 09:50:21;;;;;;;14.27;4.00;;;;;;;;;;1795008;79;24601;-71
2019/05/04 09:53:02;;;;;;;18.10;3.60;;;;;;;;;;1785506;80;24218;-70
2019/05/04 09:55:30;;;;;;;19.30;3.43;;;;;;;;;;1800177;79;24222;-71
2019/05/04 09:58:15;;;;;;;17.60;4.77;;;;;;;;;;1807058;79;24231;-71
2019/05/04 10:00:48;;;;;;;12.07;3.17;;;;;;;;;;1809164;78;25319;-71
2019/05/04 10:03:18;;;;;;;17.17;3.60;;;;;;;;;;1794336;79;24844;-71
2019/05/04 10:05:46;;;;;;;20.33;3.87;;;;;;;;;;1794856;78;24229;-70
2019/05/04 10:08:15;;;;;;;14.00;3.33;;;;;;;;;;1793578;79;24213;-71
2019/05/04 10:10:43;;;;;;;20.53;3.70;;;;;;;;;;1804699;79;25256;-71
2019/05/04 10:16:14;;;;;;;17.00;3.20;;;;;;;;;;1784597;78;25304;-70
2019/05/04 10:18:43;;;;;;;23.40;3.77;;;;;;;;;;1764781;81;24263;-71
2019/05/04 10:21:12;;;;;;;20.03;3.77;;;;;;;;;;1789754;78;25672;-71
2019/05/04 10:23:41;;;;;;;16.20;3.70;;;;;;;;;;1793706;78;24249;-71
2019/05/04 10:28:50;;;;;;;26.80;4.70;;;;;;;;;;1793917;79;24268;-71
2019/05/04 10:31:20;;;;;;;26.20;4.07;;;;;;;;;;1793783;79;25651;-71
2019/05/04 10:33:49;;;;;;;14.47;4.00;;;;;;;;;;1793400;79;25324;-70
2019/05/04 10:36:18;;;;;;;17.83;3.47;;;;;;;;;;1784741;80;25256;-70
2019/05/04 10:38:48;;;;;;;18.17;3.70;;;;;;;;;;1793444;78;24218;-71
2019/05/04 10:41:18;;;;;;;24.90;4.10;;;;;;;;;;1806195;79;26837;-71
2019/05/04 10:43:47;;;;;;;19.00;3.67;;;;;;;;;;1801504;77;24347;-71
2019/05/04 10:46:16;;;;;;;43.50;4.20;;;;;;;;;;1846478;77;24178;-71
2019/05/04 10:48:44;;;;;;;18.43;3.40;;;;;;;;;;1825550;78;24327;-71
2019/05/04 10:51:12;;;;;;;12.40;3.40;;;;;;;;;;1816639;78;25279;-71
2019/05/04 10:53:42;;;;;;;14.80;3.67;;;;;;;;;;1815659;78;24248;-71
2019/05/04 10:56:11;;;;;;;21.90;3.60;;;;;;;;;;1791593;79;26683;-71
2019/05/04 10:58:42;;;;;;;24.97;3.90;;;;;;;;;;1818948;78;26755;-70
2019/05/04 11:01:12;;;;;;;19.97;3.70;;;;;;;;;;1841016;77;25302;-70
2019/05/04 11:03:42;;;;;;;22.23;4.63;;;;;;;;;;1833688;78;24635;-71
2019/05/04 11:06:11;;;;;;;22.30;3.70;;;;;;;;;;1842839;78;24237;-71
2019/05/04 11:08:40;;;;;;;23.53;3.60;;;;;;;;;;1821405;77;25222;-71
2019/05/04 11:11:09;;;;;;;21.43;4.57;;;;;;;;;;1807329;78;24255;-71
2019/05/04 11:13:40;;;;;;;29.53;4.20;;;;;;;;;;1791407;79;25211;-71
2019/05/04 11:16:09;;;;;;;18.70;4.60;;;;;;;;;;1816448;78;24712;-71
2019/05/04 11:18:38;;;;;;;34.40;5.07;;;;;;;;;;1791549;79;24187;-71
2019/05/04 11:21:06;;;;;;;22.17;4.00;;;;;;;;;;1790119;79;24324;-71
2019/05/04 11:23:35;;;;;;;23.80;4.23;;;;;;;;;;1816046;78;25279;-71
2019/05/04 11:26:18;;;;;;;19.93;3.53;;;;;;;;;;1832449;78;25276;-71
2019/05/04 11:28:52;;;;;;;17.67;3.63;;;;;;;;;;1806593;79;25356;-70
2019/05/04 11:31:19;;;;;;;19.13;3.27;;;;;;;;;;1816675;77;25364;-70
2019/05/04 11:33:49;;;;;;;30.70;4.50;;;;;;;;;;1819157;78;26783;-71
2019/05/04 11:36:18;;;;;;;22.97;4.03;;;;;;;;;;1842327;78;26865;-71
2019/05/04 11:38:46;;;;;;;17.47;3.70;;;;;;;;;;1832092;78;25388;-71
2019/05/04 11:41:14;;;;;;;18.93;3.87;;;;;;;;;;1791461;79;24236;-70
2019/05/04 11:43:44;;;;;;;15.07;3.63;;;;;;;;;;1816501;78;25294;-70
2019/05/04 11:46:13;;;;;;;22.50;4.00;;;;;;;;;;1793345;78;24255;-71
2019/05/04 11:48:43;;;;;;;23.37;3.80;;;;;;;;;;1824488;77;25206;-70
2019/05/04 11:51:13;;;;;;;19.97;3.87;;;;;;;;;;1838365;77;25240;-71
2019/05/04 11:53:42;;;;;;;25.27;4.37;;;;;;;;;;1855931;77;24786;-71
2019/05/04 11:56:11;;;;;;;18.17;3.73;;;;;;;;;;1843309;77;25272;-70
2019/05/04 11:58:41;;;;;;;16.83;3.67;;;;;;;;;;1806130;79;24220;-70
2019/05/04 12:01:09;;;;;;;23.43;4.20;;;;;;;;;;1799231;77;25271;-71
2019/05/04 12:03:37;;;;;;;30.80;4.17;;;;;;;;;;1819828;77;25226;-71
2019/05/04 12:06:17;;;;;;;16.70;3.70;;;;;;;;;;1827554;77;24172;-71
2019/05/04 12:08:51;;;;;;;28.33;4.07;;;;;;;;;;1825734;78;25330;-71
2019/05/04 12:11:14;;;;;;;22.90;4.53;;;;;;;;;;1844344;77;25299;-71
2019/05/04 12:13:44;;;;;;;24.27;3.97;;;;;;;;;;1831268;77;24271;-70
2019/05/04 12:16:14;;;;;;;17.60;3.97;;;;;;;;;;1794162;78;25269;-71
2019/05/04 12:18:42;;;;;;;18.63;3.93;;;;;;;;;;1827260;78;24313;-70
2019/05/04 12:21:13;;;;;;;17.23;4.17;;;;;;;;;;1792352;78;25705;-70
2019/05/04 12:23:42;;;;;;;17.93;3.70;;;;;;;;;;1843305;77;25403;-70
2019/05/04 12:26:11;;;;;;;13.37;3.27;;;;;;;;;;1838740;77;26759;-71
2019/05/04 12:28:39;;;;;;;9.27;3.67;;;;;;;;;;1793732;77;24270;-70
2019/05/04 12:31:09;;;;;;;18.50;4.33;;;;;;;;;;1793233;78;25241;-71
2019/05/04 12:33:39;;;;;;;32.00;3.73;;;;;;;;;;1828379;77;24849;-71
2019/05/04 12:36:07;;;;;;;26.30;4.87;;;;;;;;;;1809871;77;25249;-70
2019/05/04 12:38:36;;;;;;;14.07;3.03;;;;;;;;;;1832884;77;25315;-71
2019/05/04 12:41:04;;;;;;;16.53;3.43;;;;;;;;;;1827913;77;24251;-71
2019/05/04 12:43:32;;;;;;;16.33;3.47;;;;;;;;;;1788644;80;25258;-71
2019/05/04 12:46:01;;;;;;;17.97;3.70;;;;;;;;;;1794362;78;24242;-70
2019/05/04 12:48:31;;;;;;;24.00;4.53;;;;;;;;;;1845821;77;26786;-71
2019/05/04 12:51:01;;;;;;;27.27;3.87;;;;;;;;;;1835024;77;25286;-70
2019/05/04 12:53:30;;;;;;;21.73;3.97;;;;;;;;;;1833905;77;25720;-70
2019/05/04 12:56:00;;;;;;;24.33;4.30;;;;;;;;;;1802638;78;25275;-71
2019/05/04 12:58:30;;;;;;;16.63;3.63;;;;;;;;;;1793297;77;25312;-71
2019/05/04 13:01:00;;;;;;;16.60;3.70;;;;;;;;;;1793271;77;24192;-71
2019/05/04 13:03:31;;;;;;;14.60;3.57;;;;;;;;;;1827603;78;25225;-71
2019/05/04 13:06:01;;;;;;;11.00;3.33;;;;;;;;;;1792816;79;25217;-70
2019/05/04 13:08:30;;;;;;;21.07;4.07;;;;;;;;;;1824514;79;26732;-70
2019/05/04 13:10:59;;;;;;;26.20;3.27;;;;;;;;;;1799950;79;24277;-70
2019/05/04 13:13:28;;;;;;;15.27;2.93;;;;;;;;;;1805521;77;25223;-71
2019/05/04 13:15:57;;;;;;;25.30;3.40;;;;;;;;;;1845110;77;24271;-71
2019/05/04 13:19:11;;;;;;;20.67;3.80;;;;;;;;;;1827808;78;25261;-72
2019/05/04 13:20:54;;;;;;;29.83;3.87;;;;;;;;;;1807776;77;24967;-71
2019/05/04 13:23:24;;;;;;;24.80;4.57;;;;;;;;;;1797100;78;24211;-71
2019/05/04 13:25:53;;;;;;;20.60;4.10;;;;;;;;;;1827537;78;25750;-71
2019/05/04 13:28:21;;;;;;;23.43;4.37;;;;;;;;;;1809058;77;24692;-71
2019/05/04 13:30:51;;;;;;;17.07;3.57;;;;;;;;;;1819819;78;24266;-71
2019/05/04 13:33:18;;;;;;;10.13;2.97;;;;;;;;;;1830006;78;26699;-71
2019/05/04 13:35:47;;;;;;;21.73;3.50;;;;;;;;;;1827189;78;24150;-72
2019/05/04 13:38:15;;;;;;;23.10;4.53;;;;;;;;;;1826656;78;25236;-71
2019/05/04 13:40:44;;;;;;;13.93;3.77;;;;;;;;;;1795024;77;26417;-71
2019/05/04 13:43:12;;;;;;;13.00;3.30;;;;;;;;;;1840758;77;25272;-71
2019/05/04 13:45:42;;;;;;;21.37;3.73;;;;;;;;;;1820601;77;25255;-71
2019/05/04 13:48:10;;;;;;;23.77;4.23;;;;;;;;;;1792489;79;25211;-71
2019/05/04 13:50:40;;;;;;;23.10;3.10;;;;;;;;;;1788175;79;25207;-71
2019/05/04 13:53:10;;;;;;;19.43;3.33;;;;;;;;;;1797698;77;24601;-71
2019/05/04 13:55:45;;;;;;;19.80;3.30;;;;;;;;;;1810530;77;24695;-71
2019/05/04 13:58:20;;;;;;;12.37;3.00;;;;;;;;;;1805000;79;24219;-71
2019/05/04 14:03:38;;;;;;;18.00;3.33;;;;;;;;;;1795576;79;24243;-71
2019/05/04 14:06:02;;;;;;;13.27;3.20;;;;;;;;;;1813150;79;25301;-70
2019/05/04 14:08:30;;;;;;;20.73;4.23;;;;;;;;;;1786553;79;25244;-71
2019/05/04 14:10:59;;;;;;;22.90;4.40;;;;;;;;;;1785127;79;25216;-70
2019/05/04 14:13:27;;;;;;;27.60;3.63;;;;;;;;;;1813432;79;25245;-71
2019/05/04 14:15:55;;;;;;;14.67;3.63;;;;;;;;;;1800908;79;24205;-70
2019/05/04 14:18:23;;;;;;;18.77;3.60;;;;;;;;;;1813857;78;24218;-71
2019/05/04 14:20:52;;;;;;;12.77;3.87;;;;;;;;;;1792755;79;25186;-70
2019/05/04 14:23:21;;;;;;;12.03;3.40;;;;;;;;;;1785519;79;24631;-71
2019/05/04 14:25:50;;;;;;;13.73;3.20;;;;;;;;;;1816033;78;26726;-72
2019/05/04 14:28:19;;;;;;;13.20;3.63;;;;;;;;;;1808256;79;25201;-73
2019/05/04 14:30:48;;;;;;;14.53;3.37;;;;;;;;;;1808765;78;24214;-71
2019/05/04 14:33:16;;;;;;;18.23;4.50;;;;;;;;;;1803890;79;24549;-70
2019/05/04 14:35:44;;;;;;;24.47;3.90;;;;;;;;;;1806727;79;24206;-71
2019/05/04 14:38:12;;;;;;;15.97;3.57;;;;;;;;;;1814210;79;25245;-71
2019/05/04 14:40:42;;;;;;;16.27;3.40;;;;;;;;;;1814392;79;24171;-71
2019/05/04 14:43:16;;;;;;;25.70;3.43;;;;;;;;;;1821090;77;25224;-71
2019/05/04 14:46:06;;;;;;;17.73;3.40;;;;;;;;;;1812522;78;24312;-71
2019/05/04 14:48:32;;;;;;;23.60;3.50;;;;;;;;;;1801988;77;24321;-71
2019/05/04 14:50:59;;;;;;;15.03;3.27;;;;;;;;;;1811159;79;25332;-71
2019/05/04 14:53:28;;;;;;;18.77;3.97;;;;;;;;;;1771434;80;24245;-71
2019/05/04 14:55:56;;;;;;;14.90;3.87;;;;;;;;;;1789613;78;25371;-71
2019/05/04 14:58:24;;;;;;;15.70;3.20;;;;;;;;;;1789048;79;24365;-71
2019/05/04 15:00:53;;;;;;;21.37;3.67;;;;;;;;;;1818510;79;25249;-71
2019/05/04 15:03:24;;;;;;;20.57;3.63;;;;;;;;;;1814367;79;24278;-71
2019/05/04 15:05:53;;;;;;;19.47;3.33;;;;;;;;;;1811915;78;25898;-72
2019/05/04 15:08:23;;;;;;;12.03;3.47;;;;;;;;;;1794144;79;25372;-71
2019/05/04 15:10:52;;;;;;;15.10;3.40;;;;;;;;;;1790160;79;25338;-71
2019/05/04 15:13:20;;;;;;;12.27;3.70;;;;;;;;;;1787740;79;25316;-71
2019/05/04 15:15:50;;;;;;;14.60;2.90;;;;;;;;;;1787962;79;25249;-71
2019/05/04 15:18:22;;;;;;;25.20;3.37;;;;;;;;;;1793099;78;25726;-71
2019/05/04 15:20:57;;;;;;;10.53;3.20;;;;;;;;;;1837443;77;25291;-72
2019/05/04 15:23:25;;;;;;;14.77;3.23;;;;;;;;;;1838361;78;25299;-71
2019/05/04 15:25:53;;;;;;;18.67;3.37;;;;;;;;;;1829796;78;25289;-71
2019/05/04 15:28:22;;;;;;;8.37;2.73;;;;;;;;;;1792913;79;25728;-71
2019/05/04 15:30:52;;;;;;;15.63;3.27;;;;;;;;;;1795562;78;25284;-72
2019/05/04 15:33:21;;;;;;;14.83;3.10;;;;;;;;;;1824335;78;25260;-72
2019/05/04 15:35:49;;;;;;;12.63;3.30;;;;;;;;;;1812537;79;24625;-71
2019/05/04 15:38:18;;;;;;;15.23;2.80;;;;;;;;;;1796924;79;25806;-72
2019/05/04 15:40:46;;;;;;;15.37;2.80;;;;;;;;;;1789502;78;26923;-72
2019/05/04 15:43:15;;;;;;;20.30;3.17;;;;;;;;;;1795815;79;25273;-72
2019/05/04 15:45:44;;;;;;;20.70;3.47;;;;;;;;;;1794281;78;25253;-72
2019/05/04 15:48:13;;;;;;;14.47;3.23;;;;;;;;;;1808728;79;25230;-71
2019/05/04 15:50:54;;;;;;;18.73;3.33;;;;;;;;;;1792540;79;25210;-72
2019/05/04 15:53:36;;;;;;;16.13;4.10;;;;;;;;;;1830156;77;24487;-72
2019/05/04 15:56:17;;;;;;;19.70;3.87;;;;;;;;;;1830732;77;25254;-72
2019/05/04 16:01:15;;;;;;;55.53;4.30;;;;;;;;;;1827544;77;25317;-73
2019/05/04 16:03:45;;;;;;;11.90;3.27;;;;;;;;;;1825720;78;25265;-73
2019/05/04 16:06:14;;;;;;;18.30;3.47;;;;;;;;;;1835804;77;25269;-72
2019/05/04 16:08:42;;;;;;;35.57;3.93;;;;;;;;;;1819962;77;25431;-72
2019/05/04 16:11:11;;;;;;;23.37;3.90;;;;;;;;;;1796390;80;25322;-73
2019/05/04 16:13:40;;;;;;;13.43;2.83;;;;;;;;;;1785925;80;25273;-73
2019/05/04 16:16:09;;;;;;;16.07;3.43;;;;;;;;;;1817798;78;25294;-73
2019/05/04 16:18:39;;;;;;;11.03;3.37;;;;;;;;;;1790573;78;25264;-74
2019/05/04 16:21:07;;;;;;;16.50;2.93;;;;;;;;;;1832778;77;25280;-74
2019/05/04 16:23:36;;;;;;;14.03;3.33;;;;;;;;;;1837704;77;25331;-74
2019/05/04 16:26:04;;;;;;;16.13;3.90;;;;;;;;;;1814173;77;26832;-74
2019/05/04 16:28:32;;;;;;;6.73;2.50;;;;;;;;;;1815128;77;25218;-73
2019/05/04 16:31:00;;;;;;;17.97;3.40;;;;;;;;;;1843041;77;25346;-73
2019/05/04 16:33:28;;;;;;;26.87;4.23;;;;;;;;;;1823704;77;25285;-73
2019/05/04 16:35:56;;;;;;;29.17;4.07;;;;;;;;;;1834335;77;25362;-72
2019/05/04 16:38:24;;;;;;;15.57;3.10;;;;;;;;;;1846035;77;25337;-72
2019/05/04 16:40:52;;;;;;;15.07;3.27;;;;;;;;;;1839133;77;25312;-72
2019/05/04 16:43:20;;;;;;;18.23;3.10;;;;;;;;;;1801144;78;24820;-72
2019/05/04 16:45:49;;;;;;;14.70;3.07;;;;;;;;;;1835820;77;25272;-73
2019/05/04 16:48:17;;;;;;;16.83;3.17;;;;;;;;;;1837105;76;24940;-73
2019/05/04 16:53:36;;;;;;;14.47;2.90;;;;;;;;;;1848772;77;25294;-72
2019/05/04 16:56:01;;;;;;;15.00;2.90;;;;;;;;;;1838424;76;25280;-73
2019/05/04 16:58:29;;;;;;;20.10;3.43;;;;;;;;;;1800642;78;25239;-73
2019/05/04 17:01:09;;;;;;;13.27;2.57;;;;;;;;;;1840629;77;25292;-73
2019/05/04 17:03:33;;;;;;;9.70;3.10;;;;;;;;;;1841972;77;25316;-73
2019/05/04 17:05:57;;;;;;;9.10;3.10;;;;;;;;;;1848073;76;25284;-73
2019/05/04 17:08:25;;;;;;;8.73;3.70;;;;;;;;;;1808809;77;25305;-73
2019/05/04 17:10:54;;;;;;;16.70;3.40;;;;;;;;;;1844272;77;25238;-73
2019/05/04 17:13:22;;;;;;;16.10;2.77;;;;;;;;;;1814960;77;25279;-73
2019/05/04 17:15:50;;;;;;;18.63;3.13;;;;;;;;;;1812926;77;25187;-73
2019/05/04 17:18:19;;;;;;;11.23;2.73;;;;;;;;;;1833675;77;25372;-73
2019/05/04 17:20:53;;;;;;;14.63;3.27;;;;;;;;;;1839042;76;25272;-73
2019/05/04 17:23:20;;;;;;;11.97;3.23;;;;;;;;;;1848564;77;25257;-73
2019/05/04 17:25:56;;;;;;;14.13;3.20;;;;;;;;;;1817439;77;25294;-73
2019/05/04 17:28:30;;;;;;;14.83;3.30;;;;;;;;;;1833243;76;25335;-73
2019/05/04 17:31:00;;;;;;;22.20;3.47;;;;;;;;;;1799252;77;25270;-73
2019/05/04 17:33:25;;;;;;;9.13;2.73;;;;;;;;;;1822817;79;25529;-74
2019/05/04 17:35:53;;;;;;;16.47;3.53;;;;;;;;;;1840179;77;25290;-73
2019/05/04 17:38:23;;;;;;;19.17;3.27;;;;;;;;;;1832736;77;25164;-73
2019/05/04 17:41:04;;;;;;;13.30;3.03;;;;;;;;;;1821590;78;25198;-73
2019/05/04 17:43:29;;;;;;;16.23;3.57;;;;;;;;;;1842505;76;25285;-73
2019/05/04 17:45:54;;;;;;;10.63;2.90;;;;;;;;;;1841664;77;25270;-73
2019/05/04 17:48:23;;;;;;;10.33;2.57;;;;;;;;;;1827637;76;25977;-73
2019/05/04 17:50:52;;;;;;;14.63;3.17;;;;;;;;;;1817988;78;24216;-73
2019/05/04 17:53:22;;;;;;;14.17;2.70;;;;;;;;;;1823122;78;25265;-73
2019/05/04 17:55:52;;;;;;;9.90;3.00;;;;;;;;;;1826831;78;25743;-72
2019/05/04 17:58:19;;;;;;;17.93;3.07;;;;;;;;;;1819708;78;25287;-72
2019/05/04 18:03:35;;;;;;;14.47;3.07;;;;;;;;;;1823566;78;24260;-73
2019/05/04 18:05:59;;;;;;;9.60;2.97;;;;;;;;;;1818982;78;25270;-72
2019/05/04 18:08:29;;;;;;;8.27;3.20;;;;;;;;;;1815414;77;25612;-73
2019/05/04 18:11:35;;;;;;;20.87;3.60;;;;;;;;;;1833463;78;25222;-73
2019/05/04 18:13:47;;;;;;;15.97;2.80;;;;;;;;;;1815525;77;24293;-73
2019/05/04 18:16:18;;;;;;;9.87;3.37;;;;;;;;;;1829132;78;25328;-73
2019/05/04 18:19:05;;;;;;;17.93;3.33;;;;;;;;;;1815057;78;25222;-73
2019/05/04 18:21:13;;;;;;;16.27;2.90;;;;;;;;;;1827327;78;25236;-73
2019/05/04 18:23:43;;;;;;;12.20;2.83;;;;;;;;;;1830605;78;25695;-73
2019/05/04 18:26:12;;;;;;;17.73;2.80;;;;;;;;;;1795801;79;25227;-73
2019/05/04 18:28:41;;;;;;;13.60;2.00;;;;;;;;;;1820344;78;25315;-72
2019/05/04 18:31:09;;;;;;;20.83;3.20;;;;;;;;;;1802572;78;24607;-72
2019/05/04 18:33:36;;;;;;;10.20;3.57;;;;;;;;;;1837598;77;25309;-72
2019/05/04 18:36:06;;;;;;;21.73;3.27;;;;;;;;;;1800577;77;25249;-73
2019/05/04 18:38:35;;;;;;;11.93;2.80;;;;;;;;;;1815879;78;25783;-73
2019/05/04 18:41:04;;;;;;;17.90;3.20;;;;;;;;;;1814496;78;24292;-72
2019/05/04 18:44:08;;;;;;;15.40;3.13;;;;;;;;;;1802044;79;25320;-73
2019/05/04 18:48:46;;;;;;;8.67;2.43;;;;;;;;;;1824578;77;25366;-73
2019/05/04 18:51:09;;;;;;;12.57;3.67;;;;;;;;;;1837083;77;25359;-72
2019/05/04 18:53:37;;;;;;;19.50;3.17;;;;;;;;;;1816522;77;25967;-73
2019/05/04 18:56:05;;;;;;;6.10;2.63;;;;;;;;;;1820678;77;24221;-73
2019/05/04 18:58:34;;;;;;;14.43;3.30;;;;;;;;;;1829106;77;26707;-73
2019/05/04 19:01:02;;;;;;;13.73;2.90;;;;;;;;;;1810869;77;24211;-73
2019/05/04 19:03:30;;;;;;;98.90;6.17;;;;;;;;;;1845239;77;25224;-73
2019/05/04 19:06:10;;;;;;;13.17;2.90;;;;;;;;;;1845954;77;24222;-73
2019/05/04 19:08:36;;;;;;;14.63;3.00;;;;;;;;;;1836026;77;24223;-73
2019/05/04 19:11:04;;;;;;;13.00;2.93;;;;;;;;;;1825958;77;25229;-72
2019/05/04 19:13:32;;;;;;;11.83;2.73;;;;;;;;;;1813318;77;25274;-73
2019/05/04 19:16:00;;;;;;;11.47;2.73;;;;;;;;;;1813733;77;25179;-73
2019/05/04 19:18:28;;;;;;;21.33;4.10;;;;;;;;;;1835748;77;25313;-73
2019/05/04 19:20:56;;;;;;;17.00;3.33;;;;;;;;;;1835789;77;25191;-72
2019/05/04 19:23:25;;;;;;;9.93;2.53;;;;;;;;;;1845728;77;25259;-73
2019/05/04 19:25:56;;;;;;;9.30;2.83;;;;;;;;;;1826238;77;24220;-73
2019/05/04 19:28:24;;;;;;;12.20;3.00;;;;;;;;;;1836528;77;25251;-73
2019/05/04 19:30:54;;;;;;;11.40;2.97;;;;;;;;;;1839707;76;25732;-72
2019/05/04 19:33:24;;;;;;;16.27;3.40;;;;;;;;;;1828994;77;25345;-73
2019/05/04 19:35:53;;;;;;;20.10;4.13;;;;;;;;;;1818762;77;25163;-74
2019/05/04 19:38:22;;;;;;;19.30;3.03;;;;;;;;;;1840354;77;25227;-73
2019/05/04 19:40:52;;;;;;;12.20;2.60;;;;;;;;;;1807607;78;25785;-73
2019/05/04 19:48:56;;;;;;;53.83;5.33;;;;;;;;;;1781381;80;25372;-73
2019/05/04 19:51:22;;;;;;;18.33;3.40;;;;;;;;;;1805459;77;25257;-73
2019/05/04 19:53:54;;;;;;;12.33;3.07;;;;;;;;;;1797883;77;24160;-73
2019/05/04 19:56:22;;;;;;;13.57;2.97;;;;;;;;;;1841206;77;25348;-73
2019/05/04 19:58:51;;;;;;;15.77;2.77;;;;;;;;;;1814848;78;25194;-73
2019/05/04 20:01:20;;;;;;;9.53;3.27;;;;;;;;;;1822688;77;25317;-73
2019/05/04 20:03:48;;;;;;;10.23;2.57;;;;;;;;;;1830844;77;25347;-73
2019/05/04 20:06:16;;;;;;;19.73;3.07;;;;;;;;;;1814816;77;25277;-73
2019/05/04 20:08:57;;;;;;;17.33;2.93;;;;;;;;;;1840291;77;25302;-73
2019/05/04 20:11:25;;;;;;;13.27;3.00;;;;;;;;;;1823991;77;25329;-74
2019/05/04 20:13:53;;;;;;;7.90;2.13;;;;;;;;;;1839760;77;25231;-73
2019/05/04 20:16:22;;;;;;;13.13;3.17;;;;;;;;;;1841182;77;25322;-72
2019/05/04 20:18:52;;;;;;;9.53;2.50;;;;;;;;;;1837327;77;25311;-73
2019/05/04 20:21:20;;;;;;;24.20;3.80;;;;;;;;;;1828156;77;24900;-73
2019/05/04 20:23:48;;;;;;;12.27;2.50;;;;;;;;;;1820345;77;25254;-73
2019/05/04 20:26:16;;;;;;;17.50;3.83;;;;;;;;;;1821720;77;25305;-73
2019/05/04 20:28:45;;;;;;;24.63;3.17;;;;;;;;;;1802818;78;25205;-73
2019/05/04 20:31:15;;;;;;;16.93;3.23;;;;;;;;;;1830569;77;25380;-73
2019/05/04 20:33:45;;;;;;;12.70;2.73;;;;;;;;;;1838870;77;24656;-73
2019/05/04 20:36:13;;;;;;;15.53;3.07;;;;;;;;;;1818523;77;25231;-73
2019/05/04 20:38:41;;;;;;;23.27;3.50;;;;;;;;;;1810312;77;25267;-74
2019/05/04 20:41:10;;;;;;;9.10;2.10;;;;;;;;;;1833650;77;25193;-74
2019/05/04 20:43:38;;;;;;;71.20;5.07;;;;;;;;;;1836675;77;24697;-73
2019/05/04 20:46:36;;;;;;;17.40;3.17;;;;;;;;;;1836895;77;25275;-73
2019/05/04 20:48:47;;;;;;;19.10;3.80;;;;;;;;;;1824860;76;25358;-73
2019/05/04 20:51:10;;;;;;;12.03;3.43;;;;;;;;;;1836958;77;25364;-72
2019/05/04 20:53:44;;;;;;;13.07;2.87;;;;;;;;;;1844130;77;25239;-74
2019/05/04 20:56:11;;;;;;;8.80;2.63;;;;;;;;;;1829578;77;25302;-73
2019/05/04 20:58:40;;;;;;;16.53;3.30;;;;;;;;;;1820321;77;25206;-73
2019/05/04 21:01:13;;;;;;;7.73;3.13;;;;;;;;;;1841903;77;24879;-73
2019/05/04 21:06:43;;;;;;;10.80;2.67;;;;;;;;;;1824374;77;25284;-73
2019/05/04 21:09:09;;;;;;;8.93;2.93;;;;;;;;;;1834276;77;25665;-73
2019/05/04 21:11:36;;;;;;;3.00;2.03;;;;;;;;;;1815635;77;25305;-73
2019/05/04 21:14:06;;;;;;;15.93;2.83;;;;;;;;;;1815424;77;25289;-72
2019/05/04 21:16:42;;;;;;;24.53;3.47;;;;;;;;;;1824220;77;25219;-74
2019/05/04 21:19:11;;;;;;;16.83;3.37;;;;;;;;;;1838992;76;25296;-73
2019/05/04 21:22:16;;;;;;;13.20;2.90;;;;;;;;;;1842189;77;25365;-74
2019/05/04 21:24:06;;;;;;;17.63;2.97;;;;;;;;;;1823544;77;25409;-73
2019/05/04 21:26:35;;;;;;;16.27;3.23;;;;;;;;;;1832984;77;25414;-73
2019/05/04 21:29:05;;;;;;;8.63;2.73;;;;;;;;;;1814413;78;24621;-74
2019/05/04 21:31:34;;;;;;;10.03;2.77;;;;;;;;;;1793180;79;25222;-73
2019/05/04 21:34:03;;;;;;;10.50;2.57;;;;;;;;;;1815812;78;25237;-74
2019/05/04 21:36:35;;;;;;;12.67;2.63;;;;;;;;;;1792841;79;26009;-73
2019/05/04 21:39:05;;;;;;;11.83;3.00;;;;;;;;;;1814560;79;25349;-73
2019/05/04 21:41:35;;;;;;;10.30;3.00;;;;;;;;;;1814977;79;25821;-73
2019/05/04 21:44:17;;;;;;;10.93;3.27;;;;;;;;;;1824191;77;25415;-73
2019/05/04 21:51:55;;;;;;;9.43;2.40;;;;;;;;;;1766212;77;25277;-73
2019/05/04 21:54:23;;;;;;;12.47;2.60;;;;;;;;;;1837467;77;25294;-73
2019/05/04 21:56:53;;;;;;;11.80;3.33;;;;;;;;;;1807388;79;27045;-74
2019/05/04 21:59:21;;;;;;;12.67;3.00;;;;;;;;;;1828444;77;24791;-72
2019/05/04 22:01:56;;;;;;;13.43;3.27;;;;;;;;;;1835872;77;25269;-73
2019/05/04 22:04:23;;;;;;;11.97;3.63;;;;;;;;;;1828918;77;25366;-73
2019/05/04 22:06:47;;;;;;;13.27;2.80;;;;;;;;;;1840869;76;25361;-73
2019/05/04 22:09:17;;;;;;;17.20;3.17;;;;;;;;;;1818143;77;25280;-73
2019/05/04 22:11:45;;;;;;;20.53;2.73;;;;;;;;;;1840703;77;24739;-73
2019/05/04 22:14:13;;;;;;;10.40;2.90;;;;;;;;;;1813139;77;25291;-73
2019/05/04 22:16:43;;;;;;;8.63;2.50;;;;;;;;;;1811775;78;25203;-73
2019/05/04 22:19:13;;;;;;;17.73;2.90;;;;;;;;;;1834825;77;25292;-73
2019/05/04 22:21:42;;;;;;;17.40;2.80;;;;;;;;;;1819009;77;25268;-75
2019/05/04 22:24:10;;;;;;;9.50;2.77;;;;;;;;;;1801337;77;24794;-71
2019/05/04 22:26:38;;;;;;;13.87;2.73;;;;;;;;;;1829720;77;25387;-72
2019/05/04 22:29:06;;;;;;;21.00;3.37;;;;;;;;;;1822457;77;25363;-72
2019/05/04 22:31:36;;;;;;;28.53;3.70;;;;;;;;;;1795077;78;25202;-73
2019/05/04 22:34:05;;;;;;;12.93;2.87;;;;;;;;;;1831982;77;27033;-73
2019/05/04 22:36:41;;;;;;;22.50;3.07;;;;;;;;;;1796550;77;25238;-73
2019/05/04 22:39:06;;;;;;;21.40;3.23;;;;;;;;;;1829198;77;25301;-72
2019/05/04 22:41:34;;;;;;;15.33;2.77;;;;;;;;;;1843095;77;25733;-73
2019/05/04 22:44:02;;;;;;;15.27;2.50;;;;;;;;;;1825830;77;25250;-73
2019/05/04 22:46:31;;;;;;;14.47;2.90;;;;;;;;;;1841896;77;25276;-73
2019/05/04 22:49:00;;;;;;;13.33;2.73;;;;;;;;;;1832494;77;25340;-73
2019/05/04 22:51:29;;;;;;;11.63;3.17;;;;;;;;;;1827410;77;25431;-73
2019/05/04 22:54:37;;;;;;;29.73;3.53;;;;;;;;;;1835982;77;25287;-72
2019/05/04 22:56:27;;;;;;;10.63;2.67;;;;;;;;;;1823217;77;25278;-73
2019/05/04 22:58:59;;;;;;;13.73;2.90;;;;;;;;;;1822295;77;25853;-72
2019/05/04 23:01:36;;;;;;;14.87;3.67;;;;;;;;;;1833837;77;25783;-72
2019/05/04 23:04:04;;;;;;;14.10;2.60;;;;;;;;;;1835263;77;25254;-73
2019/05/04 23:06:32;;;;;;;10.93;3.10;;;;;;;;;;1843031;77;25838;-73
2019/05/04 23:09:01;;;;;;;8.43;3.07;;;;;;;;;;1812639;78;25258;-73
2019/05/04 23:11:30;;;;;;;11.23;3.43;;;;;;;;;;1828080;77;25411;-73
2019/05/04 23:13:58;;;;;;;16.37;3.30;;;;;;;;;;1837580;77;25286;-73
2019/05/04 23:16:27;;;;;;;18.83;2.93;;;;;;;;;;1812766;77;25230;-73
2019/05/04 23:18:55;;;;;;;12.43;3.00;;;;;;;;;;1837423;77;25725;-73
2019/05/04 23:21:25;;;;;;;15.63;3.07;;;;;;;;;;1829462;77;25305;-73
2019/05/04 23:23:54;;;;;;;21.90;4.13;;;;;;;;;;1845408;77;25257;-73
2019/05/04 23:26:24;;;;;;;11.87;2.63;;;;;;;;;;1809205;77;25314;-73
2019/05/04 23:28:52;;;;;;;15.37;2.63;;;;;;;;;;1825252;77;25766;-73
2019/05/04 23:31:21;;;;;;;18.63;3.50;;;;;;;;;;1837047;77;24200;-72
2019/05/04 23:33:49;;;;;;;19.80;2.73;;;;;;;;;;1837262;77;25723;-73
2019/05/04 23:36:17;;;;;;;11.57;3.07;;;;;;;;;;1839362;77;24293;-72
2019/05/04 23:38:46;;;;;;;10.20;2.33;;;;;;;;;;1802537;78;25230;-73
2019/05/04 23:41:16;;;;;;;12.97;2.47;;;;;;;;;;1806519;77;24281;-73
2019/05/04 23:43:44;;;;;;;10.83;3.00;;;;;;;;;;1818696;78;24232;-73
2019/05/04 23:46:14;;;;;;;16.27;3.13;;;;;;;;;;1818455;77;24219;-72
2019/05/04 23:48:45;;;;;;;4.57;2.87;;;;;;;;;;1838698;77;25258;-73
2019/05/04 23:51:14;;;;;;;13.63;2.30;;;;;;;;;;1799729;78;25245;-73
2019/05/04 23:53:44;;;;;;;12.73;3.30;;;;;;;;;;1787047;79;24250;-73
2019/05/04 23:56:14;;;;;;;12.07;2.60;;;;;;;;;;1785143;79;25217;-73
2019/05/04 23:58:52;;;;;;;10.10;3.00;;;;;;;;;;1815984;78;25251;-73
